id_cliente;nombre;edad;ingreso_mensual;monto_compra;cantidad_pedidos;ciudad;plan;activo;fecha_registro;pais;comentario
CL-00197;Cliente 197;54.0;₡1.028.842,17;171922.64;2;Heredia;Basico;Si;31/10/2023;Costa Rica;
CL-00246;Cliente 246;36.0;₡1.383.707,87;142367.54;3;San Jose;Premium;Si;14/01/2023;Costa Rica;
CL-00215;Cliente 215;63.0;₡425.516,25;93521.3;6;San Jose;Premium;Si;04/06/2023;Costa Rica;
CL-00239;Cliente 239;66.0;₡873.849,02;129209.38;7;  Alajuela ;Premium;Si;16/04/2023;Costa Rica;
CL-00106;Cliente 106;32.0;₡879.105,87;41442.65;3;  Puntarenas ;-;Si;31/08/2023;Costa Rica;
CL-00281;Cliente 281;34.0;₡1.054.968,62;164198.23;1;Puntarenas;Basico;Si;05/01/2025;Costa Rica;
CL-00297;Cliente 297;49.0;₡515.449,70;227277.85;5;  Heredia ;Empresarial;Si;10/05/2023;Costa Rica;
CL-00039;Cliente 39;27.0;₡641.022,70;240467.83;5;San Jose;Empresarial;Si;20/09/2024;Costa Rica;
CL-00110;Cliente 110;53.0;₡745.838,75;73610.92;2;Cartago;Basico;Si;20/08/2024;Costa Rica;
CL-00155;Cliente 155;60.0;₡319.368,49;77473.1;4;Cartago;Basico;No;10/11/2024;Costa Rica;
CL-00048;Cliente 48;26.0;₡810.617,30;91186.22;8;Cartago;Basico;No;14/09/2024;Costa Rica;
CL-00011;Cliente 11;41.0;₡264.406,57;191979.56;7;  Cartago ;Premium;Si;12/01/2023;Costa Rica;
CL-00284;Cliente 284;60.0;₡1.243.678,53;200714.77;3;Cartago;Premium;Si;03/02/2023;Costa Rica;
CL-00198;Cliente 198;;₡833.742,94;35236.82;1;San Jose;Basico;No;28/08/2024;Costa Rica;
CL-00176;Cliente 176;39.0;₡927.391,85;125012.51;3;San Jose;Basico;Si;04/01/2023;Costa Rica;
CL-00078;Cliente 78;;₡1.086.551,37;155943.6;5;Puntarenas;Premium;Si;08/12/2023;Costa Rica;
CL-00285;Cliente 285;50.0;₡600.985,16;158340.75;3;Cartago;Basico;Si;06/01/2024;Costa Rica;
CL-00099;Cliente 99;47.0;₡1.054.848,68;98363.8;5;Heredia;Basico;Si;22/01/2023;Costa Rica;
CL-00214;Cliente 214;51.0;₡530.685,01;67919.82;3;Alajuela;Basico;Si;09/08/2023;Costa Rica;
CL-00017;Cliente 17;26.0;₡476.944,75;106976.13;2;Alajuela;Basico;Si;01/07/2023;Costa Rica;
CL-00190;Cliente 190;74.0;₡666.972,99;76223.44;3;Heredia;Premium;Si;13/12/2023;Costa Rica;
CL-00122;Cliente 122;57.0;₡429.572,60;48404.78;7;Alajuela;Basico;Si;20/12/2024;Costa Rica;
CL-00067;Cliente 67;46.0;₡234.209,35;61083.56;7;Alajuela;Basico;Si;18/07/2023;Costa Rica;revisar
CL-00081;Cliente 81;51.0;₡716.906,85;77320.3;6;  San Jose ;Basico;No;14/05/2023;Costa Rica;
CL-00135;Cliente 135;62.0;₡320.367,80;6209.49;5;  Cartago ;Basico;No;23/02/2024;Costa Rica;
CL-00270;Cliente 270;66.0;₡996.946,64;190764.95;5;  Puntarenas ;Premium;Si;14/09/2023;Costa Rica;
CL-00047;Cliente 47;21.0;₡567.916,27;248985.28;6;Alajuela;Empresarial;Si;27/01/2023;Costa Rica;
CL-00263;Cliente 263;25.0;₡897.807,25;65679.73;5;Cartago;Basico;Si;19/04/2023;Costa Rica;
CL-00299;Cliente 299;46.0;₡409.477,47;94085.58;9;Cartago;Premium;Si;20/02/2024;Costa Rica;
CL-00200;Cliente 200;;₡1.201.300,30;80751.57;1;San Jose;Premium;Si;23/12/2023;Costa Rica;
CL-00267;Cliente 267;36.0;₡367.836,15;98271.35;4;  Alajuela ;Empresarial;Si;09/05/2023;Costa Rica;
CL-00255;Cliente 255;;₡757.418,73;35938.24;5;Cartago;Basico;Si;26/05/2025;Costa Rica;
CL-00231;Cliente 231;27.0;₡789.953,72;188411.85;6;Cartago;Basico;Si;16/07/2024;Costa Rica;
CL-00068;Cliente 68;73.0;₡1.469.138,67;148321.86;5;Puntarenas;Premium;Si;13/03/2024;Costa Rica;
CL-00208;Cliente 208;53.0;₡418.274,03;163944.27;5;Puntarenas;Premium;Si;18/08/2023;Costa Rica;
CL-00015;Cliente 15;60.0;₡690.743,87;285372.74;2;  Cartago ;Premium;No;27/06/2024;Costa Rica;
CL-00083;Cliente 83;55.0;₡508.858,96;127600.75;3;  N/A ;Premium;Si;08/02/2023;Costa Rica;
CL-00026;Cliente 26;73.0;₡1.059.188,23;46720.47;7;  Heredia ;Premium;Si;17/10/2024;Costa Rica;
CL-00084;Cliente 84;27.0;₡754.940,36;255280.86;5;Cartago;Basico;No;04/06/2023;Costa Rica;
CL-00074;sin dato;21.0;₡1.154.504,48;179975.86;4;Puntarenas;Basico;Si;07/09/2024;Costa Rica;
CL-00186;Cliente 186;39.0;₡942.906,74;110194.54;3;Cartago;Empresarial;Si;01/02/2023;Costa Rica;
CL-00127;Cliente 127;33.0;₡868.103,75;35892.29;7;  N/A ;Basico;Si;29/05/2025;Costa Rica;
CL-00032;Cliente 32;42.0;₡1.144.167,10;117069.41;4;Alajuela;Premium;No;28/01/2023;Costa Rica;
CL-00237;Cliente 237;32.0;₡653.562,44;56815.29;5;  Heredia ;Premium;Si;12/08/2023;Costa Rica;
CL-00085;Cliente 85;47.0;₡1.027.938,45;149374.59;5;  Alajuela ;Empresarial;Si;13/11/2023;Costa Rica;
CL-00202;Cliente 202;33.0;₡777.713,74;98531.53;3;San Jose;Basico;Si;29/08/2023;Costa Rica;
CL-00075;Cliente 75;45.0;₡417.536,89;151520.66;0;Heredia;Empresarial;Si;31/05/2024;Costa Rica;
CL-00144;Cliente 144;59.0;₡1.267.900,04;200181.99;5;Puntarenas;Basico;Si;18/09/2023;Costa Rica;
CL-00074;sin dato;21.0;₡1.154.504,48;179975.86;4;Puntarenas;Basico;Si;07/09/2024;Costa Rica;
CL-00006;Cliente 6;37.0;₡912.916,62;131133.96;4;N/A;Premium;No;12/07/2024;Costa Rica;
CL-00129;Cliente 129;26.0;₡709.552,54;111516.07;4;Puntarenas;Basico;Si;10/07/2024;Costa Rica;
CL-00123;Cliente 123;21.0;₡799.915,08;51575.89;4;  Heredia ;Basico;Si;10/01/2025;Costa Rica;
CL-00066;Cliente 66;41.0;₡607.780,70;110927.3;3;San Jose;Basico;Si;05/01/2023;Costa Rica;
CL-00251;Cliente 251;45.0;₡844.915,45;84404.44;1;Heredia;Basico;No;14/12/2023;Costa Rica;
CL-00276;Cliente 276;52.0;₡980.172,83;99077.53;4;Cartago;Basico;Si;18/11/2023;Costa Rica;
CL-00232;Cliente 232;31.0;₡614.286,61;151438.27;3;San Jose;Premium;No;23/01/2024;Costa Rica;
CL-00243;Cliente 243;51.0;₡1.025.735,45;45273.39;4;  Heredia ;Basico;Si;31/10/2024;Costa Rica;
CL-00115;Cliente 115;44.0;₡1.232.608,52;148608.47;6;Heredia;Basico;No;17/03/2023;Costa Rica;revisar
CL-00080;Cliente 80;37.0;₡1.093.230,49;99083.65;5;Cartago;Basico;Si;24/05/2024;Costa Rica;
CL-00249;Cliente 249;28.0;₡411.646,29;211473.68;4;Cartago;Premium;Si;19/05/2023;Costa Rica;
CL-00059;Cliente 59;25.0;₡439.042,08;52701.3;2;San Jose;Basico;Si;08/11/2023;Costa Rica;
CL-00062;Cliente 62;59.0;₡1.191.393,72;25272.18;3;San Jose;Basico;Si;24/11/2024;Costa Rica;
CL-00245;Cliente 245;37.0;₡886.599,59;28582.27;0;Puntarenas;Premium;Si;28/09/2023;Costa Rica;
CL-00188;Cliente 188;61.0;₡665.656,25;65950.19;3;Heredia;Premium;No;30/03/2023;Costa Rica;
CL-00128;Cliente 128;47.0;₡1.142.734,79;128298.8;4;  Heredia ;Premium;No;05/11/2023;Costa Rica;
CL-00005;Cliente 5;21.0;₡693.708,30;148396.75;2;Puntarenas;Empresarial;Si;05/11/2023;Costa Rica;
CL-00169;Cliente 169;58.0;₡1.401.338,32;310656.83;2;Puntarenas;Basico;Si;31/08/2024;Costa Rica;
CL-00177;Cliente 177;22.0;₡1.129.824,91;123071.18;3;  Alajuela ;Premium;Si;24/03/2024;Costa Rica;
CL-00167;Cliente 167;30.0;₡723.920,10;;5;San Jose;Basico;Si;23/04/2024;Costa Rica;
CL-00107;Cliente 107;38.0;₡968.969,35;231010.1;4;  Cartago ;Basico;Si;18/08/2024;Costa Rica;
CL-00265;Cliente 265;33.0;₡584.486,52;;2;Cartago;Basico;Si;25/02/2024;Costa Rica;
CL-00147;Cliente 147;44.0;₡1.031.389,39;147436.86;1;  Alajuela ;Premium;Si;31/08/2024;Costa Rica;
CL-00269;Cliente 269;62.0;₡861.525,38;263632.62;4;  Cartago ;Basico;No;21/03/2024;Costa Rica;
CL-00071;Cliente 71;54.0;₡1.131.655,53;68811.74;3;  Heredia ;Basico;Si;29/01/2023;Costa Rica;
CL-00007;Cliente 7;41.0;₡526.604,53;81144.05;2;  Alajuela ;Basico;No;14/02/2025;Costa Rica;
CL-00116;Cliente 116;72.0;₡855.808,40;152724.52;5;  Alajuela ;Basico;Si;23/10/2023;Costa Rica;
CL-00162;Cliente 162;35.0;₡1.115.716,24;191068.16;7;Cartago;Premium;Si;17/08/2024;Costa Rica;
CL-00124;Cliente 124;47.0;₡781.058,82;90432.7;3;Alajuela;Basico;No;16/10/2024;Costa Rica;
CL-00103;Cliente 103;;₡811.927,26;39364.7;2;  San Jose ;Basico;Si;01/10/2023;Costa Rica;
CL-00247;Cliente 247;;₡844.951,14;64222.9;3;N/A;Premium;Si;10/04/2025;Costa Rica;
CL-00038;Cliente 38;74.0;₡1.183.687,15;125057.46;7;San Jose;Basico;Si;11/03/2024;Costa Rica;
CL-00004;Cliente 4;72.0;₡741.315,33;144726.72;4;  N/A ;Premium;Si;06/10/2024;Costa Rica;
CL-00152;Cliente 152;24.0;₡1.121.021,80;78609.6;4;  Puntarenas ;Basico;Si;17/03/2024;Costa Rica;
CL-00079;Cliente 79;22.0;₡940.034,17;213986.98;4;  Heredia ;Premium;No;28/08/2024;Costa Rica;
CL-00163;Cliente 163;23.0;₡997.643,34;173915.26;3;  Puntarenas ;Empresarial;Si;07/06/2024;Costa Rica;
CL-00201;Cliente 201;56.0;₡1.082.598,70;60960.96;3;  Heredia ;Basico;Si;24/12/2024;Costa Rica;
CL-00143;Cliente 143;70.0;₡846.101,66;77403.47;4;San Jose;Basico;Si;07/05/2023;Costa Rica;
CL-00065;Cliente 65;25.0;₡1.174.722,03;95272.3;4;Heredia;Premium;Si;11/11/2023;Costa Rica;
CL-00216;Cliente 216;58.0;₡656.146,81;108879.36;4;  San Jose ;Basico;Si;09/02/2023;Costa Rica;
CL-00051;Cliente 51;19.0;₡452.607,60;64916.52;0;N/A;Premium;Si;23/12/2024;Costa Rica;
CL-00024;Cliente 24;18.0;₡311.905,38;119612.42;4;  Alajuela ;Premium;Si;13/01/2025;Costa Rica;
CL-00044;Cliente 44;27.0;₡907.692,31;127262.45;0;Heredia;Empresarial;Si;02/06/2023;Costa Rica;
CL-00102;Cliente 102;;₡1.065.567,03;168203.85;4;  Alajuela ;Empresarial;Si;04/04/2025;Costa Rica;
CL-00025;Cliente 25;29.0;₡791.843,10;204034.82;4;  Alajuela ;Basico;Si;11/05/2023;Costa Rica;
CL-00141;Cliente 141;23.0;₡699.027,40;56904.24;4;Heredia;Basico;Si;10/03/2024;Costa Rica;
CL-00280;Cliente 280;39.0;₡638.776,85;78282.05;10;San Jose;Premium;No;24/04/2023;Costa Rica;
CL-00276;Cliente 276;52.0;₡980.172,83;99077.53;4;Cartago;Basico;Si;18/11/2023;Costa Rica;
CL-00283;Cliente 283;29.0;₡1.148.062,87;165902.23;4;Puntarenas;Basico;Si;07/06/2023;Costa Rica;
CL-00296;Cliente 296;66.0;₡629.125,21;83118.42;6;  Puntarenas ;Premium;No;28/05/2024;Costa Rica;
CL-00221;Cliente 221;59.0;₡1.347.868,38;243780.98;5;  Puntarenas ;Basico;No;01/05/2024;Costa Rica;
CL-00266;Cliente 266;18.0;₡763.852,63;119075.03;3;Cartago;Premium;Si;28/09/2024;Costa Rica;
CL-00218;Cliente 218;45.0;₡673.071,26;155928.27;1;  Alajuela ;Basico;No;21/05/2025;Costa Rica;
CL-00158;Cliente 158;67.0;₡823.280,61;100991.77;1;  Heredia ;Basico;Si;21/05/2025;Costa Rica;
CL-00041;Cliente 41;56.0;₡528.732,25;59968.28;3;Cartago;Premium;Si;01/05/2025;Costa Rica;
CL-00178;Cliente 178;45.0;₡805.519,89;250021.13;4;Cartago;Basico;Si;18/10/2023;Costa Rica;
CL-00046;Cliente 46;53.0;₡1.136.234,56;27544.71;4;Cartago;Premium;No;24/04/2023;Costa Rica;
CL-00211;Cliente 211;71.0;₡820.237,23;106626.62;5;Cartago;Basico;Si;03/09/2023;Costa Rica;
CL-00016;Cliente 16;44.0;₡513.411,28;8106.99;3;  Heredia ;Basico;Si;20/05/2024;Costa Rica;
CL-00137;Cliente 137;25.0;₡1.288.111,53;153265.25;2;Puntarenas;Empresarial;No;26/11/2023;Costa Rica;
CL-00260;Cliente 260;72.0;₡797.421,40;87361.12;4;Alajuela;Empresarial;Si;07/10/2023;Costa Rica;
CL-00154;Cliente 154;52.0;₡213.295,16;25450.62;6;Alajuela;Empresarial;No;04/12/2024;Costa Rica;
CL-00150;Cliente 150;52.0;₡722.261,68;208324.38;4;  Heredia ;Premium;Si;09/01/2025;Costa Rica;
CL-00252;Cliente 252;46.0;₡1.011.921,55;74959.79;2;Alajuela;Premium;Si;17/10/2024;Costa Rica;
CL-00248;Cliente 248;31.0;₡493.075,00;158498.66;2;Alajuela;Premium;Si;30/04/2023;Costa Rica;
CL-00181;Cliente 181;29.0;₡475.085,93;89868.83;6;  San Jose ;Premium;Si;23/09/2024;Costa Rica;
CL-00109;Cliente 109;33.0;₡1.193.594,78;97611.89;3;Puntarenas;Premium;Si;05/05/2025;Costa Rica;
CL-00104;Cliente 104;21.0;₡694.258,81;;1;Cartago;-;Si;11/03/2025;Costa Rica;
CL-00271;Cliente 271;18.0;₡1.312.744,95;72771.68;3;Alajuela;Premium;No;27/08/2024;Costa Rica;
CL-00182;Cliente 182;24.0;₡400.723,50;36397.55;5;  Heredia ;-;Si;08/01/2024;Costa Rica;
CL-00058;Cliente 58;46.0;₡293.858,24;46531.08;2;Cartago;Basico;Si;03/03/2023;Costa Rica;
CL-00277;Cliente 277;66.0;₡891.673,02;272974.7;5;Alajuela;Premium;Si;30/03/2025;Costa Rica;
CL-00119;Cliente 119;41.0;₡1.236.461,07;119049.84;7;Heredia;Basico;Si;23/02/2025;Costa Rica;
CL-00076;Cliente 76;51.0;₡446.911,43;111920.02;1;  San Jose ;Basico;Si;24/12/2024;Costa Rica;
CL-00195;Cliente 195;30.0;₡577.412,24;76839.02;8;Heredia;Basico;Si;28/08/2024;Costa Rica;
CL-00031;Cliente 31;74.0;₡1.211.884,66;86905.42;6;Puntarenas;Empresarial;Si;25/12/2023;Costa Rica;
CL-00131;Cliente 131;56.0;₡844.268,08;52438.13;4;  Alajuela ;Premium;Si;27/07/2023;Costa Rica;
CL-00291;Cliente 291;47.0;₡996.484,68;55929.25;1;San Jose;Premium;Si;17/11/2024;Costa Rica;
CL-00043;Cliente 43;64.0;₡604.875,93;42332.46;3;Puntarenas;Basico;Si;02/01/2024;Costa Rica;
CL-00262;Cliente 262;46.0;₡811.993,95;;5;San Jose;Premium;Si;14/08/2023;Costa Rica;
CL-00294;Cliente 294;60.0;₡434.861,11;192219.79;5;Heredia;Basico;Si;09/10/2024;Costa Rica;
CL-00095;Cliente 95;29.0;₡784.151,65;255804.24;6;  Puntarenas ;Empresarial;Si;16/01/2025;Costa Rica;
CL-00282;Cliente 282;59.0;₡724.019,52;73875.43;4;Alajuela;Basico;Si;26/02/2024;Costa Rica;
CL-00160;Cliente 160;56.0;₡519.550,11;;0;Alajuela;Basico;Si;31/08/2023;Costa Rica;
CL-00133;Cliente 133;24.0;₡1.223.392,53;;4;  Puntarenas ;Basico;Si;23/06/2023;Costa Rica;
CL-00090;Cliente 90;68.0;₡861.750,59;108205.6;2;Heredia;Basico;No;09/11/2024;Costa Rica;
CL-00156;Cliente 156;64.0;₡783.114,95;174568.98;6;  Puntarenas ;Basico;No;09/05/2023;Costa Rica;
CL-00035;Cliente 35;66.0;₡1.408.016,70;37964.5;3;  Heredia ;Basico;Si;01/07/2023;Costa Rica;
CL-00073;Cliente 73;51.0;₡344.980,95;140808.62;6;Alajuela;Basico;Si;09/05/2024;Costa Rica;
CL-00286;Cliente 286;58.0;₡390.880,39;47991.07;2;Puntarenas;Premium;Si;06/03/2024;Costa Rica;
CL-00268;Cliente 268;57.0;₡1.141.867,84;65152.91;6;Cartago;Empresarial;Si;11/11/2023;Costa Rica;
CL-00140;Cliente 140;65.0;₡942.748,26;99462.16;0;Heredia;Basico;Si;04/04/2025;Costa Rica;
CL-00258;Cliente 258;62.0;₡394.599,85;168144.69;1;Heredia;Basico;No;16/09/2023;Costa Rica;
CL-00295;Cliente 295;70.0;₡938.444,11;86069.27;2;  Alajuela ;Premium;No;03/07/2023;Costa Rica;
CL-00112;Cliente 112;;₡935.292,68;121949.51;5;Puntarenas;Basico;No;15/08/2024;Costa Rica;
CL-00013;Cliente 13;;₡636.684,04;99767.28;6;Cartago;Basico;Si;25/06/2024;Costa Rica;
CL-00088;Cliente 88;20.0;₡678.017,72;148109.71;6;San Jose;Premium;Si;05/05/2023;Costa Rica;
CL-00165;Cliente 165;67.0;₡1.234.627,79;116727.99;4;  Heredia ;Basico;Si;29/03/2024;Costa Rica;
CL-00097;Cliente 97;34.0;₡537.960,68;182386.8;1;Puntarenas;Premium;No;21/05/2024;Costa Rica;
CL-00219;Cliente 219;32.0;₡976.240,29;64699.35;3;Heredia;Empresarial;Si;06/08/2024;Costa Rica;
CL-00042;Cliente 42;22.0;₡606.337,43;142630.48;6;  Alajuela ;Premium;Si;16/06/2025;Costa Rica;
CL-00064;Cliente 64;18.0;₡625.280,28;138418.98;3;San Jose;Empresarial;Si;30/03/2024;Costa Rica;
CL-00164;Cliente 164;33.0;₡840.847,35;166038.72;5;Cartago;Premium;Si;06/04/2024;Costa Rica;
CL-00014;Cliente 14;;₡998.837,63;66026.27;3;Puntarenas;Premium;Si;04/12/2023;Costa Rica;
CL-00180;Cliente 180;59.0;₡1.267.878,20;119615.55;8;  Heredia ;Basico;Si;11/02/2023;Costa Rica;
CL-00018;Cliente 18;57.0;₡695.521,83;85673.48;3;Heredia;Empresarial;Si;13/01/2023;Costa Rica;
CL-00235;Cliente 235;19.0;₡704.146,83;65960.77;5;Puntarenas;Basico;Si;12/01/2024;Costa Rica;
CL-00190;Cliente 190;74.0;₡666.972,99;76223.44;3;Heredia;Premium;Si;13/12/2023;Costa Rica;
CL-00091;Cliente 91;36.0;₡791.535,55;48188.43;4;Heredia;Premium;Si;10/06/2024;Costa Rica;
CL-00052;Cliente 52;18.0;₡1.049.561,11;63279.57;4;  Puntarenas ;Premium;Si;05/02/2025;Costa Rica;
CL-00086;Cliente 86;35.0;₡760.051,58;84215.53;4;  Puntarenas ;Basico;Si;13/03/2024;Costa Rica;
CL-00125;Cliente 125;30.0;₡794.391,84;42937.54;3;  Alajuela ;Empresarial;Si;06/07/2024;Costa Rica;
CL-00089;Cliente 89;37.0;₡672.282,52;130297.81;4;  Heredia ;Basico;Si;10/03/2023;Costa Rica;
CL-00223;Cliente 223;50.0;₡1.641.561,64;291289.95;4;Alajuela;Empresarial;Si;29/09/2023;Costa Rica;
CL-00187;Cliente 187;48.0;₡590.772,07;60210.65;1;Alajuela;Empresarial;Si;09/02/2025;Costa Rica;
CL-00238;Cliente 238;;₡614.018,34;87020.0;2;  Heredia ;Basico;Si;19/09/2024;Costa Rica;
CL-00244;Cliente 244;39.0;₡371.032,66;64997.0;3;San Jose;Basico;Si;19/05/2024;Costa Rica;
CL-00087;Cliente 87;49.0;₡992.637,87;164805.31;6;Alajuela;Basico;Si;14/05/2024;Costa Rica;
CL-00253;Cliente 253;26.0;₡1.127.890,54;166399.55;5;Alajuela;Basico;Si;07/03/2025;Costa Rica;
CL-00117;Cliente 117;61.0;₡1.070.913,39;97079.83;5;Cartago;Premium;Si;26/12/2024;Costa Rica;
CL-00146;Cliente 146;47.0;₡632.834,59;186563.84;4;Cartago;Premium;Si;19/09/2024;Costa Rica;
CL-00159;Cliente 159;47.0;₡991.533,33;44469.26;5;San Jose;-;No;15/01/2024;Costa Rica;
CL-00212;sin dato;41.0;₡809.306,64;65776.66;6;San Jose;Basico;No;17/06/2024;Costa Rica;
CL-00234;Cliente 234;61.0;₡1.151.604,51;70078.75;7;N/A;Premium;Si;28/02/2024;Costa Rica;
CL-00196;Cliente 196;63.0;₡502.243,88;;3;Alajuela;Premium;No;21/04/2025;Costa Rica;
CL-00191;Cliente 191;69.0;₡621.392,60;138787.73;3;  San Jose ;Empresarial;Si;03/12/2024;Costa Rica;
CL-00171;Cliente 171;72.0;₡1.353.855,82;117479.45;6;Puntarenas;Basico;No;28/04/2025;Costa Rica;
CL-00126;Cliente 126;30.0;₡981.551,42;67502.96;7;  Heredia ;Basico;No;29/08/2023;Costa Rica;
CL-00298;Cliente 298;25.0;₡743.850,65;247395.65;6;Puntarenas;Premium;Si;23/05/2025;Costa Rica;
CL-00205;Cliente 205;46.0;₡643.897,23;64681.23;4;Heredia;Basico;Si;05/05/2023;Costa Rica;
CL-00072;Cliente 72;53.0;₡894.119,76;369087.82;1;Puntarenas;Premium;Si;28/01/2025;Costa Rica;
CL-00227;Cliente 227;73.0;₡825.066,31;130910.17;1;  Heredia ;Premium;Si;16/12/2023;Costa Rica;
CL-00264;Cliente 264;67.0;₡1.086.339,64;69462.43;6;Alajuela;Basico;Si;03/12/2023;Costa Rica;
CL-00206;Cliente 206;34.0;₡445.506,26;169124.92;3;Alajuela;Empresarial;Si;01/07/2024;Costa Rica;
CL-00240;Cliente 240;43.0;₡1.007.026,47;61636.54;4;Alajuela;Basico;Si;02/08/2023;Costa Rica;
CL-00082;Cliente 82;48.0;₡798.345,01;212411.33;5;  Heredia ;Basico;Si;20/12/2023;Costa Rica;
CL-00293;Cliente 293;64.0;₡650.585,33;192713.77;6;  Heredia ;Empresarial;Si;10/08/2024;Costa Rica;
CL-00096;Cliente 96;65.0;₡781.824,21;92592.4;4;N/A;Premium;Si;29/11/2023;Costa Rica;
CL-00134;Cliente 134;39.0;₡1.094.176,43;70252.27;2;Heredia;Basico;No;09/05/2024;Costa Rica;
CL-00204;Cliente 204;36.0;₡919.437,94;122666.38;2;Heredia;Premium;Si;12/05/2024;Costa Rica;
CL-00222;Cliente 222;60.0;₡628.997,75;159240.73;2;San Jose;Premium;Si;22/04/2023;Costa Rica;
CL-00300;Cliente 300;65.0;₡846.062,88;80828.74;1;Cartago;Premium;No;12/07/2024;Costa Rica;revisar
CL-00138;Cliente 138;35.0;₡868.772,91;69936.04;4;  Cartago ;Basico;Si;22/05/2024;Costa Rica;
CL-00101;Cliente 101;59.0;₡835.098,32;161616.88;4;  Alajuela ;Premium;Si;13/03/2025;Costa Rica;
CL-00226;Cliente 226;66.0;₡162.574,01;23854.21;5;San Jose;Premium;Si;07/02/2023;Costa Rica;
CL-00230;Cliente 230;27.0;₡872.149,56;120397.32;1;Puntarenas;Basico;Si;16/03/2024;Costa Rica;
CL-00292;Cliente 292;67.0;₡21.544,76;109804.04;5;  Puntarenas ;Basico;Si;17/09/2024;Costa Rica;
CL-00199;Cliente 199;39.0;₡357.570,11;137869.92;3;Alajuela;Basico;No;28/05/2023;Costa Rica;
CL-00287;Cliente 287;;₡810.576,99;83229.57;8;Alajuela;Empresarial;No;07/05/2023;Costa Rica;
CL-00009;Cliente 9;46.0;₡876.446,48;145523.64;3;  Cartago ;Basico;Si;16/02/2024;Costa Rica;
CL-00108;Cliente 108;71.0;₡1.201.418,04;;6;Cartago;Basico;No;21/11/2024;Costa Rica;
CL-00054;Cliente 54;72.0;₡965.615,96;77870.03;5;Heredia;Basico;Si;05/01/2023;Costa Rica;
CL-00028;Cliente 28;37.0;₡1.364.314,07;177293.0;1;Cartago;Empresarial;Si;09/05/2024;Costa Rica;
CL-00225;Cliente 225;49.0;₡788.941,96;77621.31;6;Cartago;Basico;Si;09/01/2025;Costa Rica;
CL-00061;Cliente 61;28.0;₡772.505,10;181145.33;4;Heredia;Basico;No;01/02/2023;Costa Rica;
CL-00093;Cliente 93;73.0;₡903.487,07;46790.76;6;N/A;Premium;Si;10/01/2023;Costa Rica;
CL-00033;Cliente 33;73.0;₡571.202,86;71324.08;1;Puntarenas;Basico;Si;10/12/2024;Costa Rica;
CL-00290;Cliente 290;61.0;₡665.942,92;45416.16;8;Puntarenas;Premium;Si;31/05/2024;Costa Rica;
CL-00186;Cliente 186;39.0;₡942.906,74;110194.54;3;Cartago;Empresarial;Si;01/02/2023;Costa Rica;
CL-00136;Cliente 136;45.0;₡963.117,51;103489.88;3;Puntarenas;Basico;Si;13/01/2025;Costa Rica;revisar
CL-00023;Cliente 23;62.0;₡854.346,68;70988.42;2;Puntarenas;Premium;Si;27/07/2024;Costa Rica;
CL-00210;Cliente 210;50.0;₡417.637,76;172938.91;1;Cartago;-;Si;30/09/2023;Costa Rica;
CL-00063;Cliente 63;53.0;₡932.031,65;130306.82;4;San Jose;Basico;Si;28/01/2025;Costa Rica;
CL-00124;Cliente 124;47.0;₡781.058,82;90432.7;3;Alajuela;Basico;No;16/10/2024;Costa Rica;
CL-00261;Cliente 261;60.0;₡971.067,96;165279.14;2;Heredia;-;No;30/04/2023;Costa Rica;
CL-00192;Cliente 192;73.0;₡941.292,15;127865.38;5;  San Jose ;Basico;Si;06/01/2023;Costa Rica;
CL-00019;Cliente 19;56.0;₡767.985,16;161375.97;4;Alajuela;Basico;Si;15/12/2024;Costa Rica;
CL-00272;Cliente 272;62.0;₡1.173.863,75;;3;Heredia;Basico;Si;16/01/2025;Costa Rica;
CL-00053;Cliente 53;34.0;₡706.474,64;218626.07;5;Puntarenas;Empresarial;Si;30/07/2024;Costa Rica;
CL-00174;Cliente 174;27.0;₡797.852,93;76705.84;3;Puntarenas;Empresarial;Si;05/10/2023;Costa Rica;
CL-00036;Cliente 36;18.0;₡400.817,91;161280.55;2;  San Jose ;Empresarial;No;12/06/2023;Costa Rica;
CL-00194;Cliente 194;30.0;₡916.504,55;86547.44;6;  Alajuela ;Basico;Si;13/07/2023;Costa Rica;
CL-00179;Cliente 179;30.0;₡828.863,46;103294.23;4;Cartago;Premium;Si;28/11/2024;Costa Rica;
CL-00168;Cliente 168;59.0;₡1.157.911,40;136673.93;3;Puntarenas;Premium;Si;06/01/2024;Costa Rica;
CL-00121;Cliente 121;68.0;₡817.699,88;71743.3;3;Alajuela;Premium;Si;01/05/2024;Costa Rica;
CL-00145;Cliente 145;59.0;₡999.850,82;29783.3;3;Puntarenas;Premium;Si;04/02/2023;Costa Rica;
CL-00020;Cliente 20;22.0;₡602.961,97;193494.81;3;Heredia;Empresarial;No;15/03/2024;Costa Rica;
CL-00228;Cliente 228;56.0;₡871.752,31;310159.04;2;  Cartago ;Basico;Si;09/05/2023;Costa Rica;
CL-00045;Cliente 45;41.0;₡822.705,62;59054.21;7;  Cartago ;Basico;Si;06/05/2025;Costa Rica;
CL-00069;Cliente 69;;₡276.775,34;23456.63;3;San Jose;Empresarial;Si;27/03/2025;Costa Rica;
CL-00077;Cliente 77;37.0;₡741.499,51;215750.91;7;San Jose;Premium;Si;15/07/2024;Costa Rica;
CL-00209;Cliente 209;31.0;₡967.218,04;19140.02;3;Puntarenas;Empresarial;No;13/03/2023;Costa Rica;
CL-00113;Cliente 113;61.0;₡810.163,74;175480.7;4;Alajuela;Basico;Si;03/03/2024;Costa Rica;
CL-00214;Cliente 214;51.0;₡530.685,01;67919.82;3;Alajuela;Basico;Si;09/08/2023;Costa Rica;
CL-00213;Cliente 213;49.0;₡1.384.788,78;;4;Cartago;Basico;Si;04/03/2023;Costa Rica;
CL-00012;Cliente 12;26.0;₡961.999,24;8452.2;4;  Cartago ;Basico;Si;03/01/2025;Costa Rica;
CL-00056;Cliente 56;47.0;₡1.215.795,67;124256.19;7;Puntarenas;Empresarial;Si;21/07/2024;Costa Rica;
CL-00217;Cliente 217;;₡512.880,27;251168.24;4;  San Jose ;Premium;Si;19/03/2023;Costa Rica;
CL-00189;Cliente 189;46.0;₡1.708.320,16;33711.19;4;San Jose;Empresarial;Si;24/02/2025;Costa Rica;
CL-00274;Cliente 274;64.0;₡1.086.305,60;194670.03;5;Cartago;Basico;Si;17/06/2025;Costa Rica;
CL-00010;Cliente 10;32.0;₡449.043,84;84487.13;5;Heredia;Premium;Si;24/02/2025;Costa Rica;
CL-00256;Cliente 256;54.0;₡565.795,69;126237.34;5;  Heredia ;Basico;No;03/01/2024;Costa Rica;
CL-00267;Cliente 267;36.0;₡367.836,15;98271.35;4;  Alajuela ;Empresarial;Si;09/05/2023;Costa Rica;
CL-00030;Cliente 30;23.0;₡1.077.617,56;69937.07;2;Puntarenas;Premium;Si;25/01/2025;Costa Rica;
CL-00040;Cliente 40;32.0;₡1.024.891,09;25053.98;3;Puntarenas;Basico;No;12/10/2023;Costa Rica;
CL-00105;Cliente 105;64.0;₡1.141.927,95;156773.59;2;San Jose;Premium;Si;09/02/2024;Costa Rica;
CL-00057;Cliente 57;62.0;₡884.967,98;118556.75;5;  Heredia ;Basico;Si;08/12/2024;Costa Rica;
CL-00273;Cliente 273;27.0;₡831.999,57;192717.43;1;Puntarenas;Empresarial;No;09/07/2024;Costa Rica;
CL-00022;Cliente 22;25.0;₡389.169,31;91743.04;2;  Puntarenas ;Premium;No;03/05/2023;Costa Rica;
CL-00242;Cliente 242;64.0;₡185.899,07;127133.02;3;Cartago;Premium;Si;18/07/2024;Costa Rica;
CL-00092;Cliente 92;;₡1.027.715,57;139866.44;4;Puntarenas;-;Si;03/08/2024;Costa Rica;
CL-00229;Cliente 229;36.0;₡160.225,34;157864.56;4;Puntarenas;Empresarial;Si;14/04/2025;Costa Rica;
CL-00241;Cliente 241;67.0;₡681.012,14;139032.32;4;  San Jose ;Empresarial;Si;18/08/2024;Costa Rica;
CL-00183;Cliente 183;74.0;₡653.788,26;166288.98;5;  Puntarenas ;Premium;Si;03/02/2025;Costa Rica;
CL-00128;Cliente 128;47.0;₡1.142.734,79;128298.8;4;  Heredia ;Premium;No;05/11/2023;Costa Rica;
CL-00060;Cliente 60;41.0;₡1.069.346,32;87006.7;3;San Jose;Premium;Si;02/03/2023;Costa Rica;
CL-00288;Cliente 288;23.0;₡1.104.674,99;63687.89;2;  Puntarenas ;Premium;No;24/10/2024;Costa Rica;
CL-00173;Cliente 173;55.0;₡948.924,95;235339.24;4;Heredia;Premium;Si;29/12/2024;Costa Rica;
CL-00233;Cliente 233;39.0;₡1.037.988,76;105429.97;3;Puntarenas;Basico;Si;01/05/2023;Costa Rica;
CL-00037;Cliente 37;;₡992.901,31;42768.29;4;Heredia;Premium;Si;09/03/2025;Costa Rica;
CL-00157;Cliente 157;70.0;₡1.078.197,99;44342.34;4;Cartago;-;Si;02/06/2024;Costa Rica;
CL-00003;Cliente 3;;₡664.923,42;99713.19;3;Cartago;Premium;Si;19/01/2024;Costa Rica;
CL-00243;Cliente 243;51.0;₡1.025.735,45;45273.39;4;  Heredia ;Basico;Si;31/10/2024;Costa Rica;
CL-00049;Cliente 49;37.0;₡1.138.322,94;51038.51;5;Cartago;Basico;No;01/04/2025;Costa Rica;
CL-00142;Cliente 142;54.0;₡1.041.733,95;133172.25;2;  San Jose ;Premium;Si;07/04/2025;Costa Rica;
CL-00224;Cliente 224;52.0;₡1.444.655,60;238515.94;3;Alajuela;Basico;Si;22/02/2024;Costa Rica;
CL-00184;Cliente 184;51.0;₡491.013,16;122539.59;1;San Jose;Empresarial;Si;05/02/2023;Costa Rica;
CL-00161;Cliente 161;60.0;₡447.590,31;64976.0;5;Heredia;Empresarial;Si;02/02/2023;Costa Rica;
CL-00220;Cliente 220;63.0;₡1.081.593,23;107127.68;6;Cartago;Premium;No;11/08/2023;Costa Rica;
CL-00100;Cliente 100;61.0;₡627.911,31;101881.9;2;  San Jose ;Basico;Si;29/07/2023;Costa Rica;
CL-00236;Cliente 236;49.0;₡918.843,93;73486.71;3;  Heredia ;Premium;No;03/03/2025;Costa Rica;
CL-00118;Cliente 118;65.0;₡498.125,03;;6;Heredia;Basico;Si;27/03/2023;Costa Rica;
CL-00002;Cliente 2;22.0;₡935.090,93;83864.25;4;  Heredia ;Empresarial;Si;27/05/2024;Costa Rica;
CL-00114;Cliente 114;26.0;₡280.041,60;79055.72;1;San Jose;Premium;Si;16/10/2023;Costa Rica;
CL-00289;Cliente 289;46.0;₡738.606,35;102874.5;4;Puntarenas;Premium;Si;16/12/2023;Costa Rica;
CL-00175;sin dato;41.0;₡373.525,46;245351.82;4;N/A;Premium;Si;08/05/2023;Costa Rica;
CL-00254;Cliente 254;73.0;₡835.299,31;163840.15;3;  Cartago ;Premium;Si;19/01/2025;Costa Rica;
CL-00279;Cliente 279;23.0;₡1.251.196,01;112020.21;4;Alajuela;Basico;Si;16/07/2024;Costa Rica;
CL-00185;Cliente 185;39.0;₡1.253.886,78;179319.29;7;Puntarenas;Premium;Si;20/09/2023;Costa Rica;
CL-00166;Cliente 166;72.0;₡564.642,86;176706.47;1;San Jose;Basico;No;25/07/2023;Costa Rica;
CL-00275;Cliente 275;74.0;₡420.488,77;139194.21;0;San Jose;Basico;Si;10/12/2023;Costa Rica;
CL-00193;Cliente 193;73.0;₡1.041.475,74;82399.64;2;  Puntarenas ;Empresarial;Si;11/12/2024;Costa Rica;
CL-00001;Cliente 1;65.0;₡1.139.260,15;68014.46;2;Puntarenas;Basico;Si;25/04/2024;Costa Rica;
CL-00055;Cliente 55;49.0;₡940.204,12;145158.06;4;  Cartago ;Premium;Si;29/12/2024;Costa Rica;
CL-00029;Cliente 29;;₡383.113,71;80913.09;4;  Cartago ;Basico;Si;03/06/2025;Costa Rica;
CL-00207;Cliente 207;23.0;₡946.755,33;98358.46;1;  San Jose ;Basico;Si;03/04/2025;Costa Rica;
CL-00050;Cliente 50;66.0;₡1.018.233,15;86199.01;2;  San Jose ;Basico;Si;04/12/2023;Costa Rica;
CL-00021;sin dato;66.0;₡765.667,63;113041.42;0;Heredia;Premium;No;13/07/2023;Costa Rica;
CL-00177;Cliente 177;22.0;₡1.129.824,91;123071.18;3;  Alajuela ;Premium;Si;24/03/2024;Costa Rica;
CL-00034;Cliente 34;71.0;₡973.539,05;164818.88;2;  Alajuela ;Premium;Si;22/01/2025;Costa Rica;
CL-00172;Cliente 172;;₡669.246,82;;1;San Jose;Empresarial;Si;23/03/2023;Costa Rica;
CL-00008;Cliente 8;57.0;₡300.272,21;;2;Puntarenas;Basico;No;25/07/2024;Costa Rica;
CL-00148;Cliente 148;18.0;₡1.130.803,51;119469.86;1;  Cartago ;Premium;No;04/01/2023;Costa Rica;
CL-00107;Cliente 107;38.0;₡968.969,35;231010.1;4;  Cartago ;Basico;Si;18/08/2024;Costa Rica;
CL-00098;Cliente 98;30.0;₡856.833,39;79394.62;4;San Jose;Basico;Si;29/04/2023;Costa Rica;
CL-00111;Cliente 111;66.0;₡692.371,08;39114.84;7;Heredia;Basico;Si;22/03/2025;Costa Rica;
CL-00070;Cliente 70;39.0;₡1.040.923,86;192957.99;6;Alajuela;Empresarial;Si;14/10/2023;Costa Rica;
CL-00130;Cliente 130;;₡551.195,23;109884.14;6;  Puntarenas ;Basico;Si;06/06/2023;Costa Rica;
CL-00259;Cliente 259;69.0;₡829.121,95;44647.46;2;  Puntarenas ;Premium;Si;12/02/2023;Costa Rica;
CL-00151;Cliente 151;30.0;₡158.445,02;319687.67;6;Puntarenas;Premium;Si;25/04/2024;Costa Rica;
CL-00027;Cliente 27;24.0;₡1.177.581,64;193098.87;4;N/A;Empresarial;Si;25/11/2024;Costa Rica;
CL-00094;Cliente 94;21.0;₡1.372.103,89;89089.17;4;Heredia;Premium;Si;15/10/2023;Costa Rica;
CL-00149;Cliente 149;40.0;₡679.463,24;215423.11;3;Alajuela;Basico;Si;20/02/2023;Costa Rica;
CL-00120;Cliente 120;31.0;₡673.521,16;159794.78;8;N/A;Basico;Si;12/11/2023;Costa Rica;
CL-00139;Cliente 139;60.0;₡695.187,25;;3;  Heredia ;Basico;Si;02/08/2024;Costa Rica;
CL-00170;Cliente 170;46.0;₡852.527,68;314179.9;6;  Heredia ;Premium;Si;06/04/2024;Costa Rica;
CL-00203;sin dato;61.0;₡771.920,82;97490.62;2;San Jose;Basico;Si;29/09/2023;Costa Rica;
CL-00148;Cliente 148;18.0;₡1.130.803,51;119469.86;1;  Cartago ;Premium;No;04/01/2023;Costa Rica;
CL-00278;Cliente 278;61.0;₡364.519,30;75140.9;3;Cartago;Empresarial;Si;31/01/2025;Costa Rica;
CL-00257;Cliente 257;43.0;₡-74.751,43;96049.24;5;  Alajuela ;Premium;Si;14/12/2023;Costa Rica;
CL-00132;Cliente 132;71.0;₡1.038.510,41;;4;  Puntarenas ;Basico;Si;24/03/2024;Costa Rica;
CL-00250;Cliente 250;70.0;₡1.201.138,46;51889.24;3;Alajuela;Basico;Si;27/02/2023;Costa Rica;
CL-00153;Cliente 153;58.0;₡673.673,68;41410.16;3;  Heredia ;Basico;Si;04/02/2023;Costa Rica;
